Tag Team,Elo,Max Elo,Min Elo,Number of Matches
Toni Storm & Hikaru Shida,5126.9999997442155,5126.9999997442155,1095.0,2
Emi Sakura & Mei Suruga,3683.7409341514362,3683.7409341514362,100.0,2
Dr. Britt Baker DMD & Jamie Hayter,3446.702197854251,3446.702212006375,1095.0,9
